"diagram_guid";"diagram_naam";"beleidsdomein_guid";"beleidsdomein_naam";"taakveld";"aantal_entiteiten"
"EAID_1870EA6A_B28E_464d_BF23_0BAC5C950999";"(Zaak)objecten";"EAPK_DF1A3AF5_E138_4f54_AAB1_1716247A2F1D";"RGBZPlus";"99 Kern";"4"
"EAID_79A12E83_7204_4e76_9EFF_DE43AB9C5CF5";"AANDUIDING ADRES OBJECT";"EAPK_58A5214F_E56C_4707_BE2D_AB36DD6976A3";"RSGBPlus";"99 Kern";"3"
"EAID_5AEC36BA_4A41_469d_948F_1F161CE8C49B";"AANDUIDING LIGGING OBJECT";"EAPK_58A5214F_E56C_4707_BE2D_AB36DD6976A3";"RSGBPlus";"99 Kern";"2"
"EAID_FF57C1EA_0D27_4c30_A22A_F558746A1B42";"AANDUIDING LOCATIE OVERIG GEBOUWD OBJECT";"EAPK_58A5214F_E56C_4707_BE2D_AB36DD6976A3";"RSGBPlus";"99 Kern";"2"
"EAID_EB829228_B970_4bc9_A9B4_5E88B9EF07D3";"ADRESSEERBAAR OBJECT AANDUIDING";"EAPK_58A5214F_E56C_4707_BE2D_AB36DD6976A3";"RSGBPlus";"99 Kern";"9"
"EAID_04F5FDCC_2C4B_41a8_B5B9_D0048B089B33";"ANDER BUITENLANDS NIET-NATUURLIJK PERSOON";"EAPK_58A5214F_E56C_4707_BE2D_AB36DD6976A3";"RSGBPlus";"99 Kern";"0"
"EAID_0C767444_9817_4d3b_90CB_92D82729A6F9";"APPARTEMENTRECHTSPLITSING";"EAPK_58A5214F_E56C_4707_BE2D_AB36DD6976A3";"RSGBPlus";"99 Kern";"5"
"EAID_AD6E225D_4EB7_4f41_8417_20125A0714D0";"ARK codes kadastrale gemeenten referenties";"EAPK_58A5214F_E56C_4707_BE2D_AB36DD6976A3";"RSGBPlus";"99 Kern";"1"
"EAID_196C3C10_4FCF_4342_B4EC_B5524AAA26F8";"Aanduiding verblijfsrecht";"EAPK_58A5214F_E56C_4707_BE2D_AB36DD6976A3";"RSGBPlus";"99 Kern";"2"
"EAID_5F3782EB_C416_461c_A9FA_40991A7F0165";"AanvraagOfMelding";"EAPK_189DA897_DDC8_4956_B8E3_5E04D3E1AEA3";"Generiek Jeugd en Wmo";"6 Sociaal Domein";"5"
"EAID_156D28EA_3C4E_4849_B6FA_2BCE262950C0";"Aard aantekeningen";"EAPK_58A5214F_E56C_4707_BE2D_AB36DD6976A3";"RSGBPlus";"99 Kern";"1"
"EAID_211D2BB4_1BE7_4d67_91E2_436C5781FB66";"Aard zakelijke rechten referenties";"EAPK_58A5214F_E56C_4707_BE2D_AB36DD6976A3";"RSGBPlus";"99 Kern";"2"
"EAID_390A4F53_19BA_4f3b_A75C_9C1CD1A8A818";"Abstracte en concrete objecttypen";"EAPK_DF1A3AF5_E138_4f54_AAB1_1716247A2F1D";"RGBZPlus";"99 Kern";"0"
"EAID_CD2EAE6D_E85B_455e_A39A_1983BC33B772";"Abstracte en concrete objecttypen";"EAPK_58A5214F_E56C_4707_BE2D_AB36DD6976A3";"RSGBPlus";"99 Kern";"0"
"EAID_1279615F_663B_4c7f_BDF3_CD1DA37A87BC";"Adresseerbare Objecten";"EAPK_C3BA35EC_ABFA_4a7d_BEE9_07FF7563442D";"Beheer Openbare Ruimte";"8 Volkshuisvesting, Leefomgeving en Stedelijke Vernieuwing";"3"
"EAID_282A4979_0BBC_4448_B71C_0CE64829083B";"Afspraken en Klantcontacten";"EAPK_5CA50A0D_7FDC_40ea_B3F3_F85E008D3549";"10 Dienstverlening";"10 Dienstverlening";"10"
"EAID_8D468696_4B9D_40b4_92F0_3BED39502098";"Archief Aanvragen";"EAPK_10EED4F6_744C_40c0_8B37_EFFC7E5EEC21";"Archief";"5 Sport, Cultuur en Recreatie";"3"
"EAID_59241C4B_FD65_484b_88E5_83189334A510";"Archief Model";"EAPK_10EED4F6_744C_40c0_8B37_EFFC7E5EEC21";"Archief";"5 Sport, Cultuur en Recreatie";"9"
"EAID_691E6481_68AC_4754_88F0_60D2877D1549";"Archief Model Indeling";"EAPK_10EED4F6_744C_40c0_8B37_EFFC7E5EEC21";"Archief";"5 Sport, Cultuur en Recreatie";"9"
"EAID_EF872947_BE6B_4af5_8221_2A6AA2A0D4B7";"Archief Relaties met Kern";"EAPK_10EED4F6_744C_40c0_8B37_EFFC7E5EEC21";"Archief";"5 Sport, Cultuur en Recreatie";"8"
"EAID_53E16E43_EDF1_4b47_B0DD_C77D8FEFCCA3";"BAG";"EAPK_FC04420D_2055_4fcf_A2DB_E4C12E2150F1";"BAG";"99 Kern";"25"
"EAID_1947D48F_6D4E_4943_B313_091CF7B56117";"BEGROEID TERREINDEEL";"EAPK_58A5214F_E56C_4707_BE2D_AB36DD6976A3";"RSGBPlus";"99 Kern";"4"
"EAID_515E0990_C193_43cb_8EAF_907796BD3B1F";"BENOEMD OBJECT";"EAPK_58A5214F_E56C_4707_BE2D_AB36DD6976A3";"RSGBPlus";"99 Kern";"5"
"EAID_DF9CEAAD_E574_40b3_970B_DC558AB579D0";"BRK";"EAPK_58A5214F_E56C_4707_BE2D_AB36DD6976A3";"RSGBPlus";"99 Kern";"8"
"EAID_EA402BCD_1511_48d1_88B4_E6444A0C945A";"BUURT";"EAPK_58A5214F_E56C_4707_BE2D_AB36DD6976A3";"RSGBPlus";"99 Kern";"4"
"EAID_4F14E8D8_5502_4880_9E83_D912BE451EB1";"Basismodel CMDB-Items";"EAPK_A2C234C7_A5F7_4e4a_9EE3_8C37A4469F01";"ICT";"9 Interne Organisatie";"18"
"EAID_A255BB0C_A1DB_43a5_88B1_C638F6E64B0B";"Basismodel CMDB-Items Diversen";"EAPK_A2C234C7_A5F7_4e4a_9EE3_8C37A4469F01";"ICT";"9 Interne Organisatie";"8"
"EAID_A2831A97_91F6_4ed0_896E_3531219E69F0";"Basismodel ICT Applicatie en Gegevens";"EAPK_A2C234C7_A5F7_4e4a_9EE3_8C37A4469F01";"ICT";"9 Interne Organisatie";"10"
"EAID_63323A39_82A4_4607_8A45_E4CBD1D800B0";"Bedrijfsprocessen";"EAPK_DF1A3AF5_E138_4f54_AAB1_1716247A2F1D";"RGBZPlus";"99 Kern";"8"
"EAID_9B278A50_862A_4085_B362_C41392101916";"Beperkingen";"EAPK_189DA897_DDC8_4956_B8E3_5E04D3E1AEA3";"Generiek Jeugd en Wmo";"6 Sociaal Domein";"5"
"EAID_0D82C835_277F_4149_A937_589ED319F370";"Beschrijving IMBOR";"EAPK_C3BA35EC_ABFA_4a7d_BEE9_07FF7563442D";"Beheer Openbare Ruimte";"8 Volkshuisvesting, Leefomgeving en Stedelijke Vernieuwing";"0"
"EAID_0516C81B_D5F6_4b7a_AD98_82FD3B218A6B";"Betrokkene";"EAPK_DF1A3AF5_E138_4f54_AAB1_1716247A2F1D";"RGBZPlus";"99 Kern";"6"
"EAID_0B1C1CCE_E0D1_413d_A38B_7A9B03A21610";"Bezetting en Formatie";"EAPK_1825F01E_BA3C_4e53_B3B3_BD1E69F94A10";"HR";"9 Interne Organisatie";"10"
"EAID_EC84A03C_FC04_401a_8263_7809B74179F8";"Brede Handhaving";"EAPK_0A4C6DE8_608E_4626_A40E_0C432A5B0F9C";"1 Veiligheid en Vergunningen";"1 Veiligheid en Vergunningen";"9"
"EAID_D9511F60_3CA7_43bd_B6C8_F66447D66DBA";"Burgerzaken";"EAPK_C84D590F_615F_4671_B4C2_7610C80F33F4";"Burgerzaken";"0 Bestuur, Politiek en Ondersteuning";"3"
"EAID_5D49277A_03E6_4e94_A3EE_79627327FA9E";"Buurten en Wijken";"EAPK_2EEC0A24_2953_49cb_9CF1_1A19CCE84E97";"99 Kern";"99 Kern";"4"
"EAID_A7DD83EA_D15D_46a9_9F35_4005FE06648A";"Catalogus RGBZ";"EAPK_DF1A3AF5_E138_4f54_AAB1_1716247A2F1D";"RGBZPlus";"99 Kern";"0"
"EAID_22165FA0_AC93_4d39_8BD4_83F5C1B10222";"Catalogus RSGB";"EAPK_58A5214F_E56C_4707_BE2D_AB36DD6976A3";"RSGBPlus";"99 Kern";"0"
"EAID_65ED4246_5F82_4f1f_B752_18EDE5D7053C";"Codes cultuur onbebouwd referenties";"EAPK_58A5214F_E56C_4707_BE2D_AB36DD6976A3";"RSGBPlus";"99 Kern";"2"
"EAID_0981C2ED_9E04_4004_98C8_C9622FDF3638";"Cultuur codes bebouwd referenties";"EAPK_58A5214F_E56C_4707_BE2D_AB36DD6976A3";"RSGBPlus";"99 Kern";"2"
"EAID_4FC75976_F979_4935_9EEB_9910EE83A246";"Deelobjectcodereferenties";"EAPK_58A5214F_E56C_4707_BE2D_AB36DD6976A3";"RSGBPlus";"99 Kern";"2"
"EAID_F93A23D7_BF68_46e0_A6D4_96508ACED81E";"Detaildiagram Werk";"EAPK_0CC177F3_B29B_4247_B010_1423D1561952";"Werk";"6 Sociaal Domein";"55"
"EAID_FF8B8883_467A_422e_A894_C513307057AF";"Detaillering Kadastrale Onroerende Zaken en Rechten met attributen";"EAPK_58A5214F_E56C_4707_BE2D_AB36DD6976A3";"RSGBPlus";"99 Kern";"12"
"EAID_0A286E07_9DEF_46a8_AC66_469F5A70564E";"Detaillering Kadastrale Onroerende Zaken en Rechten op hoofdlijnen";"EAPK_58A5214F_E56C_4707_BE2D_AB36DD6976A3";"RSGBPlus";"99 Kern";"12"
"EAID_71A3B7DD_0097_4a32_8E4B_09735D7404E8";"Detaillering Subjecten ";"EAPK_58A5214F_E56C_4707_BE2D_AB36DD6976A3";"RSGBPlus";"99 Kern";"5"
"EAID_5E76FEEA_58F8_41fd_9FF1_B44274C80FA5";"Detaillering WOZ-objecttypen met attributen";"EAPK_58A5214F_E56C_4707_BE2D_AB36DD6976A3";"RSGBPlus";"99 Kern";"22"
"EAID_3F813481_9A40_4b1b_9B24_1FD069230A45";"Detaillering WOZ-objecttypen op hoofdlijnen";"EAPK_58A5214F_E56C_4707_BE2D_AB36DD6976A3";"RSGBPlus";"99 Kern";"22"
"EAID_8E884846_1CE8_4648_BC84_91BDF6E8F805";"Detaillering abstracte en concrete adres & gebouw objecttypen";"EAPK_58A5214F_E56C_4707_BE2D_AB36DD6976A3";"RSGBPlus";"99 Kern";"8"
"EAID_6D183015_C579_4337_9B8A_E937C52A10B3";"Detaillering adressen, gebouwen en terreinen met attributen";"EAPK_58A5214F_E56C_4707_BE2D_AB36DD6976A3";"RSGBPlus";"99 Kern";"14"
"EAID_00CCCF33_A542_47e6_AFA6_2F9F4E2670D8";"Detaillering adressen, gebouwen en terreinen op hoofdlijnen";"EAPK_58A5214F_E56C_4707_BE2D_AB36DD6976A3";"RSGBPlus";"99 Kern";"15"
"EAID_2BA6CA76_17FC_4afc_82AD_9DF0DC891587";"Detaillering concreten en abstracte  Kadastrale Onroerende Zaken objecttypen";"EAPK_58A5214F_E56C_4707_BE2D_AB36DD6976A3";"RSGBPlus";"99 Kern";"3"
"EAID_EB4053EE_18A5_4578_8973_7FD5967CDFC8";"Detaillering subjecten met attributen";"EAPK_58A5214F_E56C_4707_BE2D_AB36DD6976A3";"RSGBPlus";"99 Kern";"16"
"EAID_BE50EA2F_917E_434f_91ED_0EB06CCBEFB6";"Detaillering subjecten op hoofdlijnen";"EAPK_58A5214F_E56C_4707_BE2D_AB36DD6976A3";"RSGBPlus";"99 Kern";"17"
"EAID_A2BA1F0D_8428_42fc_80D6_7184F243D268";"Diagram Aanvragen, Zaken en Besluiten";"EAPK_0A4C6DE8_608E_4626_A40E_0C432A5B0F9C";"1 Veiligheid en Vergunningen";"1 Veiligheid en Vergunningen";"5"
"EAID_92909E43_46E7_43d1_B7B5_296AFC35D178";"Diagram Adresaanduiding en BAG";"EAPK_58A5214F_E56C_4707_BE2D_AB36DD6976A3";"RSGBPlus";"99 Kern";"2"
"EAID_157F610A_619E_4d1a_BB45_5C1F55178944";"Diagram Afval Meldingen";"EAPK_639DFBCF_D24B_4b32_A2A4_D6386E0EF744";"Afval";"7 Volksgezondheid en Milieu";"6"
"EAID_A00B8121_71AC_466f_B391_E16881240477";"Diagram Afval Milieustraat";"EAPK_639DFBCF_D24B_4b32_A2A4_D6386E0EF744";"Afval";"7 Volksgezondheid en Milieu";"5"
"EAID_D98AA96C_2EB0_4b46_9E9C_09D55E02FE38";"Diagram Afval Ophalen";"EAPK_639DFBCF_D24B_4b32_A2A4_D6386E0EF744";"Afval";"7 Volksgezondheid en Milieu";"12"
"EAID_9CEE3C86_9B9F_472f_A104_61FFC01DAC5A";"Diagram Basismodel Inkomen";"EAPK_7A13550B_AC75_4783_BD16_A9ED6E86172A";"Model Inkomen";"6 Sociaal Domein";"8"
"EAID_26A453D9_47AF_487e_854B_3B4BC6D6A308";"Diagram Beslissingen Leerplicht";"EAPK_F717C1C4_7FF4_4024_BDFE_7F424C8EC0E9";"Leerplicht en Leerlingenvervoer";"4 Onderwijs";"21"
"EAID_793F0822_F942_4948_A3EA_24C60FCAB576";"Diagram Client en Werkzoekende";"EAPK_0CC177F3_B29B_4247_B010_1423D1561952";"Werk";"6 Sociaal Domein";"4"
"EAID_7699CCFC_3358_48d0_A60C_F5D044D58F87";"Diagram Dakloosheid";"EAPK_7EBCDBB1_6E9C_4f09_AE96_71822F2CC050";"Dak- en thuislozen";"6 Sociaal Domein";"2"
"EAID_49670B34_2BC4_4972_BC7C_3F5793B27A73";"Diagram Diensten";"EAPK_21489181_D319_96D3_FC70_281C3303E934";"Diensten";"6 Sociaal Domein";"22"
"EAID_CC3C7277_FF05_4ff4_B0D2_68545E6D5A1D";"Diagram Domeinen, PDC en zaken";"EAPK_A2C234C7_A5F7_4e4a_9EE3_8C37A4469F01";"ICT";"9 Interne Organisatie";"6"
"EAID_21D78104_E6EA_4d5c_9DBE_AB71F7DC99E7";"Diagram Economie";"EAPK_97C39FF1_DCAE_4b67_9249_015E2D795AE8";"3 Economie";"3 Economie";"11"
"EAID_FD4BAB10_5D3E_4d14_8949_24CA09AC42A7";"Diagram GGM en Inkomen";"EAPK_7A13550B_AC75_4783_BD16_A9ED6E86172A";"Model Inkomen";"6 Sociaal Domein";"12"
"EAID_50085E67_46AC_4f54_B204_436786266EE2";"Diagram Gebied Vestiging en Adres";"EAPK_97C39FF1_DCAE_4b67_9249_015E2D795AE8";"3 Economie";"3 Economie";"9"
"EAID_19D888BE_5EC7_4590_BE67_8F66D91245F1";"Diagram Gebied Vestiging en Adres";"EAPK_58A5214F_E56C_4707_BE2D_AB36DD6976A3";"RSGBPlus";"99 Kern";"9"
"EAID_A9F0B77B_05F3_4c36_96A0_8841BBAE47E0";"Diagram Griffie";"EAPK_462ADAB3_19AB_405b_9BB5_0951DA70BFA0";"Griffie";"0 Bestuur, Politiek en Ondersteuning";"17"
"EAID_B832F543_BBE3_421e_B76D_561E53237684";"Diagram IMBOR vs IMGeo";"EAPK_C3BA35EC_ABFA_4a7d_BEE9_07FF7563442D";"Beheer Openbare Ruimte";"8 Volkshuisvesting, Leefomgeving en Stedelijke Vernieuwing";"2"
"EAID_7683FAC9_3F9C_4e21_8D02_5B9FDEBC7D1F";"Diagram Inkomsten";"EAPK_4F047F89_F482_48c9_810A_EC0B55B40AEE";"Sociaal Domein Generiek";"6 Sociaal Domein";"35"
"EAID_6683520C_EE21_4038_A418_D4C957172DF2";"Diagram Inkoop Geen Inhuur";"EAPK_E593FB18_D458_4462_B5F2_0B37FA3AA722";"Inkoop";"9 Interne Organisatie";"23"
"EAID_1172FBF0_04B4_46c7_9FB5_F34730E060FB";"Diagram Inkoop Inhuur";"EAPK_E593FB18_D458_4462_B5F2_0B37FA3AA722";"Inkoop";"9 Interne Organisatie";"14"
"EAID_7429E175_1CBE_4336_BF92_6C5029395E69";"Diagram Monumenten";"EAPK_45B88627_6F44_4b6d_BE77_3EC51BBE679E";"Monumenten";"5 Sport, Cultuur en Recreatie";"5"
"EAID_58EA4966_DBC2_4359_94C4_ABC774DBE5E2";"Diagram Monumenten Detail";"EAPK_45B88627_6F44_4b6d_BE77_3EC51BBE679E";"Monumenten";"5 Sport, Cultuur en Recreatie";"9"
"EAID_60B49988_60E9_4fa6_A70B_990FA6C64BC2";"Diagram Profiel";"EAPK_4F047F89_F482_48c9_810A_EC0B55B40AEE";"Sociaal Domein Generiek";"6 Sociaal Domein";"6"
"EAID_108224FC_E160_417a_AFC5_68A484B3B8AE";"Diagram Raadsstukken";"EAPK_462ADAB3_19AB_405b_9BB5_0951DA70BFA0";"Griffie";"0 Bestuur, Politiek en Ondersteuning";"5"
"EAID_25BCAA7D_6255_4f3a_8408_DF91881FE29F";"Diagram Sportbeleid";"EAPK_02364A0F_CCFA_46ba_BB30_BFCAB446F602";"Sport";"5 Sport, Cultuur en Recreatie";"13"
"EAID_BA23F316_FE48_49a8_A26D_9B1D14713F76";"Diagram Sportbeleid Locaties";"EAPK_02364A0F_CCFA_46ba_BB30_BFCAB446F602";"Sport";"5 Sport, Cultuur en Recreatie";"8"
"EAID_CE436DEE_AB15_4f23_B191_FA8A63FB488D";"Diagram Terug- en invordering";"EAPK_1AF9ED18_888E_945B_4A20_263C09D54D4C";"Terug- en invordering";"6 Sociaal Domein";"29"
"EAID_BB52C835_0B2D_4164_AC9D_9D6EDBD7E267";"Diagram Vergunningen en Meldingen";"EAPK_0A4C6DE8_608E_4626_A40E_0C432A5B0F9C";"1 Veiligheid en Vergunningen";"1 Veiligheid en Vergunningen";"23"
"EAID_49A15BF5_AB98_4ab9_AE01_D5636641F455";"Diagram Verkeer en Vervoer";"EAPK_02FD7722_6B39_4e67_A30D_D501E2716B6F";"Mobiliteit";"2 Verkeer, Vervoer en Waterstaat";"5"
"EAID_21AD192F_EEF1_493b_9BFD_D37EF6C93236";"Diagram Verlengen Inhuur";"EAPK_E593FB18_D458_4462_B5F2_0B37FA3AA722";"Inkoop";"9 Interne Organisatie";"8"
"EAID_8B78D87D_33A0_48bc_B883_C6C956FB5C6D";"Diagram Vermogen";"EAPK_4F047F89_F482_48c9_810A_EC0B55B40AEE";"Sociaal Domein Generiek";"6 Sociaal Domein";"6"
"EAID_1D7802F4_3458_4bb4_8431_16C7F85473FC";"Dienstverlening en Klanten";"EAPK_5CA50A0D_7FDC_40ea_B3F3_F85E008D3549";"10 Dienstverlening";"10 Dienstverlening";"6"
"EAID_69D1CA4F_84C6_4bee_B0ED_0832701881DA";"Dimensies Diagram";"EAPK_2EEC0A24_2953_49cb_9CF1_1A19CCE84E97";"99 Kern";"99 Kern";"1"
"EAID_E8C1CCDA_FF3C_498a_8FC9_FD6E461092FA";"Documenten";"EAPK_1825F01E_BA3C_4e53_B3B3_BD1E69F94A10";"HR";"9 Interne Organisatie";"4"
"EAID_CB741CAB_CDF8_4400_A9A5_F64315AC812A";"Documenten";"EAPK_DF1A3AF5_E138_4f54_AAB1_1716247A2F1D";"RGBZPlus";"99 Kern";"3"
"EAID_891372E6_27FB_442d_9CC4_08C2659E8C53";"Domain Objects";"EAPK_1825F01E_BA3C_4e53_B3B3_BD1E69F94A10";"HR";"9 Interne Organisatie";"28"
"EAID_48B6C3F9_CCF1_4794_8252_FC6543409B78";"Entiteiten Dienstverlening";"EAPK_5CA50A0D_7FDC_40ea_B3F3_F85E008D3549";"10 Dienstverlening";"10 Dienstverlening";"14"
"EAID_5901286A_E9EF_4360_9CE6_32B6FDE1C970";"Entiteiten Klantcontact";"EAPK_5CA50A0D_7FDC_40ea_B3F3_F85E008D3549";"10 Dienstverlening";"10 Dienstverlening";"12"
"EAID_C91D2D84_69FA_4320_BFE0_F10EFEB8F49B";"Erfgoed: Archeologie Domeinmodel";"EAPK_CDBD96D1_44EA_401b_A0EF_9D235D437D17";"Archeologie";"5 Sport, Cultuur en Recreatie";"18"
"EAID_A120401E_3065_4b7e_9D73_A47BDB9CCD18";"FUNCTIONEEL GEBIED";"EAPK_58A5214F_E56C_4707_BE2D_AB36DD6976A3";"RSGBPlus";"99 Kern";"4"
"EAID_42C2960F_FED7_467e_AAB1_5195BED59A39";"Financien Begroting en Budgetverantwoordelijkheid";"EAPK_4F010A09_D9D0_4bcf_A233_8430F8EFE54A";"Financien";"9 Interne Organisatie";"11"
"EAID_CB1E27F6_9539_4037_8A93_07CC937D5D2E";"Financien Personen";"EAPK_4F010A09_D9D0_4bcf_A233_8430F8EFE54A";"Financien";"9 Interne Organisatie";"3"
"EAID_0723EB5C_4A2C_44d4_B15B_37AC71B5D711";"Financien Verplichtingen en Facturen";"EAPK_4F010A09_D9D0_4bcf_A233_8430F8EFE54A";"Financien";"9 Interne Organisatie";"9"
"EAID_B758018F_CB22_420e_B4E4_E17EB5F71EDA";"Financien Verwerken Mutaties";"EAPK_4F010A09_D9D0_4bcf_A233_8430F8EFE54A";"Financien";"9 Interne Organisatie";"15"
"EAID_D406DCDE_C353_4bbd_B410_5928B46BA50E";"GEBOUWINSTALLATIE";"EAPK_58A5214F_E56C_4707_BE2D_AB36DD6976A3";"RSGBPlus";"99 Kern";"3"
"EAID_EF30497F_DFF1_4375_8AC5_F9B35DC45E19";"GEMEENTE";"EAPK_58A5214F_E56C_4707_BE2D_AB36DD6976A3";"RSGBPlus";"99 Kern";"3"
"EAID_949AE9E2_95EB_4063_B7C5_E81971D410B3";"Gemeente Begrafenissen";"EAPK_69713AD3_FECC_4964_8F11_79C8755F710E";"Gemeentebegrafenissen";"6 Sociaal Domein";"4"
"EAID_8DBF3226_FD39_4d9b_8101_633FF36CA47E";"Generieke Locatie";"EAPK_2EEC0A24_2953_49cb_9CF1_1A19CCE84E97";"99 Kern";"99 Kern";"7"
"EAID_B7192738_00E7_4b65_902A_B8292E79261B";"Generieke entiteiten Erfgoed";"EAPK_4D0C0DDA_ACE2_4e71_8915_2295B450CE2A";"Generieke Entiteiten Erfgoed";"5 Sport, Cultuur en Recreatie";"9"
"EAID_227EBDFE_6FD0_4a47_85A4_FAC4AEFE003E";"Gezag";"EAPK_4F047F89_F482_48c9_810A_EC0B55B40AEE";"Sociaal Domein Generiek";"6 Sociaal Domein";"5"
"EAID_E5BA04D7_A221_4f36_97AB_6E2D7A11C5BB";"Gladheid";"EAPK_02FD7722_6B39_4e67_A30D_D501E2716B6F";"Mobiliteit";"2 Verkeer, Vervoer en Waterstaat";"3"
"EAID_0A70FE73_68AD_4eea_AE2D_753982674647";"HUWELIJK/GEREGISTREERD PARTNERSCHAP";"EAPK_58A5214F_E56C_4707_BE2D_AB36DD6976A3";"RSGBPlus";"99 Kern";"5"
"EAID_E3EBD7A0_35C4_4bf4_BD01_6D97AD0B8BF3";"Hoofdobjecten IMBOR en Geo-object";"EAPK_C3BA35EC_ABFA_4a7d_BEE9_07FF7563442D";"Beheer Openbare Ruimte";"8 Volkshuisvesting, Leefomgeving en Stedelijke Vernieuwing";"26"
"EAID_4896574A_C4DD_4b27_A3B9_4481F4B29CCB";"Hoofdobjecten IMGeo en Beheerobjecten ";"EAPK_C3BA35EC_ABFA_4a7d_BEE9_07FF7563442D";"Beheer Openbare Ruimte";"8 Volkshuisvesting, Leefomgeving en Stedelijke Vernieuwing";"21"
"EAID_CABB9F3F_A6ED_479a_A175_6F61BE2BE8F8";"Huishouden en Huwelijk";"EAPK_4F047F89_F482_48c9_810A_EC0B55B40AEE";"Sociaal Domein Generiek";"6 Sociaal Domein";"8"
"EAID_D6979B1E_19B7_405d_A366_0F319815E0A0";"INGESCHREVEN NATUURLIJK  PERSOON";"EAPK_58A5214F_E56C_4707_BE2D_AB36DD6976A3";"RSGBPlus";"99 Kern";"21"
"EAID_72DC2D83_7872_4a76_B42B_160CE6DFED16";"INGESCHREVEN NIET-NATUURLIJK PERSOON";"EAPK_58A5214F_E56C_4707_BE2D_AB36DD6976A3";"RSGBPlus";"99 Kern";"4"
"EAID_6947C2ED_7AB4_4d8f_9754_608629FC35E9";"INRICHTINGSELEMENT";"EAPK_58A5214F_E56C_4707_BE2D_AB36DD6976A3";"RSGBPlus";"99 Kern";"4"
"EAID_390FED22_863F_46c6_8DAF_DBFEABC77AA8";"In- en uitstroom inkomensvoorziening";"EAPK_7A13550B_AC75_4783_BD16_A9ED6E86172A";"Model Inkomen";"6 Sociaal Domein";"5"
"EAID_96927C60_9F7B_4e67_806A_02EE0191983D";"Inburgering";"EAPK_59E49EEB_D8EB_4e49_A5E2_62244987690E";"Inburgering";"6 Sociaal Domein";"68"
"EAID_11FDAAAC_F865_4bf2_ADE2_9528E16A099B";"Ingeschreven natuurlijk persoon";"EAPK_58A5214F_E56C_4707_BE2D_AB36DD6976A3";"RSGBPlus";"99 Kern";"7"
"EAID_30AEDC83_3583_4624_80A5_22E35D633E92";"Interne notities";"EAPK_58A5214F_E56C_4707_BE2D_AB36DD6976A3";"RSGBPlus";"99 Kern";"0"
"EAID_961C94EE_3855_46ff_869F_B19383CEE8DD";"KADASTRAAL ONROERENDE ZAAK AANTEKENING";"EAPK_58A5214F_E56C_4707_BE2D_AB36DD6976A3";"RSGBPlus";"99 Kern";"3"
"EAID_27591AAC_E9E2_4266_8413_3EBD07DA5D11";"KADASTRAAL PERCEEL";"EAPK_58A5214F_E56C_4707_BE2D_AB36DD6976A3";"RSGBPlus";"99 Kern";"1"
"EAID_54189494_EC52_4728_91F7_B868A5AF5919";"KADASTRALE ONROERENDE ZAAK";"EAPK_58A5214F_E56C_4707_BE2D_AB36DD6976A3";"RSGBPlus";"99 Kern";"7"
"EAID_F248A18B_2E4A_4492_8D06_0AFFA170077F";"KADASTRALE ONROERENDE ZAAK FILIATIE";"EAPK_58A5214F_E56C_4707_BE2D_AB36DD6976A3";"RSGBPlus";"99 Kern";"2"
"EAID_7DAF1FEF_4AF9_4aa7_B736_337DEF09C972";"KUNSTWERKDEEL";"EAPK_58A5214F_E56C_4707_BE2D_AB36DD6976A3";"RSGBPlus";"99 Kern";"4"
"EAID_FC491653_1FBF_412a_A939_A705D501AE48";"KVK";"EAPK_97C39FF1_DCAE_4b67_9249_015E2D795AE8";"3 Economie";"3 Economie";"13"
"EAID_D72AF2BB_0DF5_41a8_9E25_5F3705C18167";"Kadastrale gemeenten referenties";"EAPK_58A5214F_E56C_4707_BE2D_AB36DD6976A3";"RSGBPlus";"99 Kern";"2"
"EAID_513E7AD3_1E8A_460f_9D78_2D8A6AA9EF98";"Kern: Detaillering in Subjecten";"EAPK_58A5214F_E56C_4707_BE2D_AB36DD6976A3";"RSGBPlus";"99 Kern";"5"
"EAID_29EB3097_1D02_4f00_8E7D_74A901E0FFCB";"Kern:Gemeente Wijk en buurt";"EAPK_58A5214F_E56C_4707_BE2D_AB36DD6976A3";"RSGBPlus";"99 Kern";"5"
"EAID_4F55A673_8DCE_448b_BFAB_1BE924283AB1";"Kern:Klantcontact";"EAPK_5CA50A0D_7FDC_40ea_B3F3_F85E008D3549";"10 Dienstverlening";"10 Dienstverlening";"5"
"EAID_4BDFAFE0_D36A_40b7_B839_6742165859A7";"Kern:Overige geo objecten op hoofdlijnen";"EAPK_58A5214F_E56C_4707_BE2D_AB36DD6976A3";"RSGBPlus";"99 Kern";"22"
"EAID_30391B0F_CF52_4dc1_BC1B_36D428BF0120";"Kern:Personen";"EAPK_58A5214F_E56C_4707_BE2D_AB36DD6976A3";"RSGBPlus";"99 Kern";"9"
"EAID_AF8FB811_01C2_4584_A905_9F1FCEC35184";"Kern:Verwijzing naar Personen ";"EAPK_58A5214F_E56C_4707_BE2D_AB36DD6976A3";"RSGBPlus";"99 Kern";"3"
"EAID_AE8DC6AF_062B_4111_BAB4_D58F21FDDDF1";"Klantbeoordelingen";"EAPK_5CA50A0D_7FDC_40ea_B3F3_F85E008D3549";"10 Dienstverlening";"10 Dienstverlening";"6"
"EAID_B3A1E688_38D0_4763_8396_CA1F19AD3EF6";"LIGPLAATS";"EAPK_58A5214F_E56C_4707_BE2D_AB36DD6976A3";"RSGBPlus";"99 Kern";"5"
"EAID_C41FDD3D_A656_4fa9_99A9_10A59BF291E5";"Landen referentielijst";"EAPK_58A5214F_E56C_4707_BE2D_AB36DD6976A3";"RSGBPlus";"99 Kern";"6"
"EAID_1B629406_49FC_4622_9F65_EF0B8F33CCF8";"Leerroute";"EAPK_59E49EEB_D8EB_4e49_A5E2_62244987690E";"Inburgering";"6 Sociaal Domein";"3"
"EAID_0B75D3CA_1D93_46c7_9268_BD8276836FE2";"MAATSCHAPPELIJKE ACTIVITEIT";"EAPK_58A5214F_E56C_4707_BE2D_AB36DD6976A3";"RSGBPlus";"99 Kern";"5"
"EAID_B3CC7874_57AA_4aeb_BF3F_98A64E9D76E5";"MOR 2.0";"EAPK_F02E1A98_4C66_444a_B20C_D4BA9AB6E121";"Meldingen Openbare Ruimte";"8 Volkshuisvesting, Leefomgeving en Stedelijke Vernieuwing";"3"
"EAID_1D1CC6D9_472B_4f91_8096_0260E27F641C";"Meldingen Graafwerkzaamheden";"EAPK_C3BA35EC_ABFA_4a7d_BEE9_07FF7563442D";"Beheer Openbare Ruimte";"8 Volkshuisvesting, Leefomgeving en Stedelijke Vernieuwing";"10"
"EAID_CA17D18C_13F5_4f6c_8BE0_6004C59C1EB9";"Metagegevens";"EAPK_DF1A3AF5_E138_4f54_AAB1_1716247A2F1D";"RGBZPlus";"99 Kern";"5"
"EAID_776A69D3_1467_43aa_B056_C2AB39371FC4";"Model";"EAPK_DF1A3AF5_E138_4f54_AAB1_1716247A2F1D";"RGBZPlus";"99 Kern";"0"
"EAID_84B6B75B_2B58_455d_B019_C9B1E71717C2";"Model Parkeren";"EAPK_AF9ED49C_3050_4403_98C8_8DC06A705338";"Parkeren";"2 Verkeer, Vervoer en Waterstaat";"19"
"EAID_04D7E1F3_FF3C_4aa7_AD34_486ED9BBCA93";"NATUURLIJK PERSOON";"EAPK_58A5214F_E56C_4707_BE2D_AB36DD6976A3";"RSGBPlus";"99 Kern";"9"
"EAID_A4A7A187_57B9_4ecb_9B3D_012C51E981E2";"NHR";"EAPK_58A5214F_E56C_4707_BE2D_AB36DD6976A3";"RSGBPlus";"99 Kern";"9"
"EAID_AA6A32A2_564F_4406_8286_D935DB9DD91A";"NIET-NATUURLIJK PERSOON";"EAPK_58A5214F_E56C_4707_BE2D_AB36DD6976A3";"RSGBPlus";"99 Kern";"2"
"EAID_5CA29BFA_5CFC_4680_9C7B_3B6E0FEEC213";"NUMMERAANDUIDING";"EAPK_58A5214F_E56C_4707_BE2D_AB36DD6976A3";"RSGBPlus";"99 Kern";"9"
"EAID_1818B773_1463_43c7_BACA_FEE391FE27CD";"Normafwijking";"EAPK_1AF36C69_888E_945B_4A20_2632D26A4D4C";"Normafwijking";"6 Sociaal Domein";"5"
"EAID_7DCBF509_0E31_4ff7_B343_65E435AB38B8";"ONBEGROEID TERREINDEEL";"EAPK_58A5214F_E56C_4707_BE2D_AB36DD6976A3";"RSGBPlus";"99 Kern";"4"
"EAID_16EB735F_475C_469b_9654_1569A13B8F31";"ONDERSTEUNEND WATERDEEL";"EAPK_58A5214F_E56C_4707_BE2D_AB36DD6976A3";"RSGBPlus";"99 Kern";"3"
"EAID_FEE365FC_F7EF_4271_977B_6F9A29FB9474";"ONDERSTEUNEND WEGDEEL";"EAPK_58A5214F_E56C_4707_BE2D_AB36DD6976A3";"RSGBPlus";"99 Kern";"4"
"EAID_9B0FEF1A_4146_409e_8B71_B12D4B4AB8A8";"ONDERZOEK";"EAPK_FC04420D_2055_4fcf_A2DB_E4C12E2150F1";"BAG";"99 Kern";"9"
"EAID_974F321A_9A6C_473e_B44D_938E410712CA";"OPENBARE RUIMTE";"EAPK_58A5214F_E56C_4707_BE2D_AB36DD6976A3";"RSGBPlus";"99 Kern";"7"
"EAID_FE76A77C_8D9C_4741_948C_B59D7B918FE3";"OVERBRUGGINSDEEL";"EAPK_58A5214F_E56C_4707_BE2D_AB36DD6976A3";"RSGBPlus";"99 Kern";"4"
"EAID_DA3F1E20_E23D_448a_9A24_020E52326B3C";"OVERIG BENOEMD TERREIN";"EAPK_58A5214F_E56C_4707_BE2D_AB36DD6976A3";"RSGBPlus";"99 Kern";"4"
"EAID_38A8E6E9_1B62_4e6c_9EB6_1B09B369928C";"OVERIG BOUWWERK";"EAPK_58A5214F_E56C_4707_BE2D_AB36DD6976A3";"RSGBPlus";"99 Kern";"5"
"EAID_4700DBC7_34E9_4ff1_A6E1_A37CBA99EC28";"OVERIG GEBOUWD OBJECT";"EAPK_58A5214F_E56C_4707_BE2D_AB36DD6976A3";"RSGBPlus";"99 Kern";"5"
"EAID_9EAF489C_783B_4315_A602_F477FD7F69DA";"OVERIGE ADRESSEERBAAR OBJECT AANDUIDING";"EAPK_58A5214F_E56C_4707_BE2D_AB36DD6976A3";"RSGBPlus";"99 Kern";"4"
"EAID_642784F8_1425_4248_8E6A_BB37498D895C";"OVERIGE SCHEIDING";"EAPK_58A5214F_E56C_4707_BE2D_AB36DD6976A3";"RSGBPlus";"99 Kern";"3"
"EAID_C9CE09B7_32EF_40eb_9C82_7FD6EDEA1D9E";"Objecten bij Vergunningaanvraag";"EAPK_0A4C6DE8_608E_4626_A40E_0C432A5B0F9C";"1 Veiligheid en Vergunningen";"1 Veiligheid en Vergunningen";"16"
"EAID_0AC65EDC_5C77_4fd6_8548_98FCF09F72D0";"Omgevingswet Juridische Regels (CIMOW)";"EAPK_65922C38_D066_4e06_8EC6_1AB64A23DFA6";"Omgevingswet";"8 Volkshuisvesting, Leefomgeving en Stedelijke Vernieuwing";"14"
"EAID_BC0AA5E1_51A9_4e23_918C_FFABECCFE304";"Omgevingswet Juridsiche regels en Idealisatie en Thema (CIMOW)";"EAPK_65922C38_D066_4e06_8EC6_1AB64A23DFA6";"Omgevingswet";"8 Volkshuisvesting, Leefomgeving en Stedelijke Vernieuwing";"4"
"EAID_0A914AB1_6EA7_4087_BEB1_DB786FB5D810";"Omgevingswet Omgevingsplan StOP TPOD";"EAPK_65922C38_D066_4e06_8EC6_1AB64A23DFA6";"Omgevingswet";"8 Volkshuisvesting, Leefomgeving en Stedelijke Vernieuwing";"5"
"EAID_B9209AD2_0648_4482_BB24_135F27C2FECC";"Omgevingswet Toepasbare Regels";"EAPK_65922C38_D066_4e06_8EC6_1AB64A23DFA6";"Omgevingswet";"8 Volkshuisvesting, Leefomgeving en Stedelijke Vernieuwing";"9"
"EAID_30B09C29_F649_4248_97FC_35A5F9331BBF";"Omgevingswet Verzoek Activiteit op Locatie";"EAPK_65922C38_D066_4e06_8EC6_1AB64A23DFA6";"Omgevingswet";"8 Volkshuisvesting, Leefomgeving en Stedelijke Vernieuwing";"13"
"EAID_69CF9191_D8DF_4825_8923_8CB0A0194A61";"Omgevingswet Verzoek met Project (IMAM)";"EAPK_65922C38_D066_4e06_8EC6_1AB64A23DFA6";"Omgevingswet";"8 Volkshuisvesting, Leefomgeving en Stedelijke Vernieuwing";"6"
"EAID_0485D200_55DD_437e_B02F_314979270840";"Omgevingswet Verzoeken (IMAM)";"EAPK_65922C38_D066_4e06_8EC6_1AB64A23DFA6";"Omgevingswet";"8 Volkshuisvesting, Leefomgeving en Stedelijke Vernieuwing";"15"
"EAID_33E38059_C973_43ff_97EC_B629923074FF";"Onderwijs: Leerlingen";"EAPK_914BE44C_2654_456f_A20E_C196DCEB20D9";"Onderwijs";"4 Onderwijs";"13"
"EAID_D33047E8_3A39_4171_A7EC_93B137023ED8";"Onderwijs: Relaties met Kern";"EAPK_914BE44C_2654_456f_A20E_C196DCEB20D9";"Onderwijs";"4 Onderwijs";"7"
"EAID_AF86D21D_8F8E_4f0d_A1FA_FE7824E99EAD";"Overige geo objecten met attributen";"EAPK_58A5214F_E56C_4707_BE2D_AB36DD6976A3";"RSGBPlus";"99 Kern";"17"
"EAID_66FB74D4_C7D8_40b2_8512_B690FC8B2575";"Overige geo objecten op hoofdlijnen";"EAPK_58A5214F_E56C_4707_BE2D_AB36DD6976A3";"RSGBPlus";"99 Kern";"17"
"EAID_1A2D9483_7709_4ea1_8272_225C3B5C36EF";"PAND";"EAPK_58A5214F_E56C_4707_BE2D_AB36DD6976A3";"RSGBPlus";"99 Kern";"7"
"EAID_72DE3820_C251_45ac_A1C2_3A133A7791F3";"PERSOON";"EAPK_58A5214F_E56C_4707_BE2D_AB36DD6976A3";"RSGBPlus";"99 Kern";"4"
"EAID_8B8444CB_1E64_454b_82F9_48A7C9011CE0";"POC Vastgoed ";"EAPK_64927CCE_C5AB_447e_BB41_C961BE1EA1BD";"Vastgoed";"9 Interne Organisatie";"7"
"EAID_0B6F2088_5BBC_477b_8E5F_3FAB9ACC4399";"Partij";"EAPK_58A5214F_E56C_4707_BE2D_AB36DD6976A3";"RSGBPlus";"99 Kern";"2"
"EAID_B2D890F1_6B7C_45df_9A70_8C40CE1B3611";"Prinsenhof Collectie";"EAPK_968E06DC_172D_4e4f_9084_1F7B097620CC";"Musea";"5 Sport, Cultuur en Recreatie";"13"
"EAID_22110445_1906_4602_8004_6BA4D6C063D0";"Prinsenhof Events en Relaties";"EAPK_968E06DC_172D_4e4f_9084_1F7B097620CC";"Musea";"5 Sport, Cultuur en Recreatie";"16"
"EAID_3913ADF8_4B30_48c0_A0AE_59BAAC281EF2";"Prinsenhof Verkoop";"EAPK_968E06DC_172D_4e4f_9084_1F7B097620CC";"Musea";"5 Sport, Cultuur en Recreatie";"10"
"EAID_58363CF8_C242_4dca_8651_1DBB7B5D5BF7";"REISDOCUMENT";"EAPK_58A5214F_E56C_4707_BE2D_AB36DD6976A3";"RSGBPlus";"99 Kern";"4"
"EAID_C31886F7_8077_4e36_882C_70D007C8E68B";"RUIMTELIJK PLAN";"EAPK_58A5214F_E56C_4707_BE2D_AB36DD6976A3";"RSGBPlus";"99 Kern";"0"
"EAID_FAF0844E_6F79_49f6_995C_177FF02FAF1F";"Reden aanvraag- overzicht";"EAPK_1BEB04DF_888E_945B_4A20_2791BFAE4D4C";"Reden aanvraag";"6 Sociaal Domein";"22"
"EAID_0F80FEE1_6611_472c_A77E_C3EA9A52A4A9";"Reden verkrijging nationaliteit";"EAPK_58A5214F_E56C_4707_BE2D_AB36DD6976A3";"RSGBPlus";"99 Kern";"2"
"EAID_38B16DAA_F859_4391_919E_DA51BC19B8D5";"Reden verlies nationaliteit";"EAPK_58A5214F_E56C_4707_BE2D_AB36DD6976A3";"RSGBPlus";"99 Kern";"2"
"EAID_806938E3_D65C_4324_8BED_99150ED99294";"Referentielijsten";"EAPK_58A5214F_E56C_4707_BE2D_AB36DD6976A3";"RSGBPlus";"99 Kern";"0"
"EAID_8AC9A512_0538_48f7_B25E_5BC65B17A147";"Referentiemodel Gemeentelijke Basisgegevens Zaken in schema";"EAPK_DF1A3AF5_E138_4f54_AAB1_1716247A2F1D";"RGBZPlus";"99 Kern";"15"
"EAID_8FDA2EB0_1359_493c_B72E_751468C6153C";"Reidoscumentsoorten referenties";"EAPK_58A5214F_E56C_4707_BE2D_AB36DD6976A3";"RSGBPlus";"99 Kern";"2"
"EAID_0D12DCBF_E6A9_450e_B7F9_2C34E9D2818C";"Relatie BRP en BAG";"EAPK_2EEC0A24_2953_49cb_9CF1_1A19CCE84E97";"99 Kern";"99 Kern";"4"
"EAID_D7287848_8118_4aab_8823_D555A599063C";"Relaties Sociaal Domein tot Kern";"EAPK_4F047F89_F482_48c9_810A_EC0B55B40AEE";"Sociaal Domein Generiek";"6 Sociaal Domein";"15"
"EAID_6409BBCD_026C_40ea_BC54_EE3B816D8CAB";"Relaties met Kern";"EAPK_1825F01E_BA3C_4e53_B3B3_BD1E69F94A10";"HR";"9 Interne Organisatie";"7"
"EAID_9935A4BE_19B5_4fb3_8A0B_49800F527804";"Relaties tot kern details";"EAPK_4F047F89_F482_48c9_810A_EC0B55B40AEE";"Sociaal Domein Generiek";"6 Sociaal Domein";"4"
"EAID_7561B00D_273B_425a_B2FE_1C3AE499ED2E";"Ruimte Adressen, gebouwen en terreinen";"EAPK_C3BA35EC_ABFA_4a7d_BEE9_07FF7563442D";"Beheer Openbare Ruimte";"8 Volkshuisvesting, Leefomgeving en Stedelijke Vernieuwing";"9"
"EAID_F9683FD0_4AA1_40c0_A132_4EA8F639B371";"Ruimte WOZ en Benoemd Object";"EAPK_C3BA35EC_ABFA_4a7d_BEE9_07FF7563442D";"Beheer Openbare Ruimte";"8 Volkshuisvesting, Leefomgeving en Stedelijke Vernieuwing";"9"
"EAID_49F599DD_0B8B_466c_BCCE_AD7EFBA26037";"SCHEIDING";"EAPK_58A5214F_E56C_4707_BE2D_AB36DD6976A3";"RSGBPlus";"99 Kern";"4"
"EAID_F09830F5_0257_4381_A3F8_A10545BE42AC";"SPOOR";"EAPK_58A5214F_E56C_4707_BE2D_AB36DD6976A3";"RSGBPlus";"99 Kern";"4"
"EAID_1E00D6DC_46D2_4019_A5BF_50E3CAC22EF5";"STANDPLAATS";"EAPK_58A5214F_E56C_4707_BE2D_AB36DD6976A3";"RSGBPlus";"99 Kern";"5"
"EAID_FAA8B1DB_4AFE_4db0_8D32_1322C62344E8";"SUBJECT";"EAPK_58A5214F_E56C_4707_BE2D_AB36DD6976A3";"RSGBPlus";"99 Kern";"7"
"EAID_F9907E9B_BD04_439e_A0A9_C6E7BA7F6623";"Schouwrondes Beheersobjecten";"EAPK_C3BA35EC_ABFA_4a7d_BEE9_07FF7563442D";"Beheer Openbare Ruimte";"8 Volkshuisvesting, Leefomgeving en Stedelijke Vernieuwing";"14"
"EAID_8BE01DD9_B915_4291_B190_AB69D0252391";"Schouwrondes en Arealen";"EAPK_C3BA35EC_ABFA_4a7d_BEE9_07FF7563442D";"Beheer Openbare Ruimte";"8 Volkshuisvesting, Leefomgeving en Stedelijke Vernieuwing";"4"
"EAID_60622F3B_724C_487b_B974_EAFC4A8DD0BE";"Schuldhulp Client";"EAPK_B9861718_A0E9_4f16_B9CE_F1A09D0AD642";"Schuldhulpverlening";"6 Sociaal Domein";"15"
"EAID_9060F49C_F450_4693_A636_0E1384D677AE";"Schuldhulp Hoofdlijnen";"EAPK_B9861718_A0E9_4f16_B9CE_F1A09D0AD642";"Schuldhulpverlening";"6 Sociaal Domein";"5"
"EAID_752DF3AE_43AC_4165_8FCD_FDDE73075872";"Schuldhulp Schuldhulporganisatie";"EAPK_B9861718_A0E9_4f16_B9CE_F1A09D0AD642";"Schuldhulpverlening";"6 Sociaal Domein";"11"
"EAID_BBE1A03C_2D40_48cb_91AE_EF630304F490";"Schuldhulpproces";"EAPK_B9861718_A0E9_4f16_B9CE_F1A09D0AD642";"Schuldhulpverlening";"6 Sociaal Domein";"22"
"EAID_6ABF0362_0B28_444d_AFA4_F96C1461BB4B";"Semantische relaties";"EAPK_58A5214F_E56C_4707_BE2D_AB36DD6976A3";"RSGBPlus";"99 Kern";"5"
"EAID_5AE29494_3572_4924_B2B8_3206E55D71BB";"Sociaal Domein Beschikking en Voorziening: Domain Objects";"EAPK_189DA897_DDC8_4956_B8E3_5E04D3E1AEA3";"Generiek Jeugd en Wmo";"6 Sociaal Domein";"28"
"EAID_FD6966FF_E4FC_437d_983E_71B33445A62C";"Sociaal Domein Domain";"EAPK_4F047F89_F482_48c9_810A_EC0B55B40AEE";"Sociaal Domein Generiek";"6 Sociaal Domein";"4"
"EAID_69607C8F_8048_4516_BE75_80C681DFEAC0";"Sociale Relaties";"EAPK_4F047F89_F482_48c9_810A_EC0B55B40AEE";"Sociaal Domein Generiek";"6 Sociaal Domein";"5"
"EAID_50F1F1BC_5866_45b9_A062_4C41F0C7766C";"Sociale team:Domeinmodel";"EAPK_AD5F9E9A_447A_43a0_A356_9913F19AB555";"Sociale Teams";"6 Sociaal Domein";"16"
"EAID_542C38C9_B92F_48de_87F1_F90F64FB5913";"Sollicitaties";"EAPK_1825F01E_BA3C_4e53_B3B3_BD1E69F94A10";"HR";"9 Interne Organisatie";"7"
"EAID_452D6E60_0252_41e4_B40A_578346C2010D";"Soorten grootte referenties";"EAPK_58A5214F_E56C_4707_BE2D_AB36DD6976A3";"RSGBPlus";"99 Kern";"2"
"EAID_9F13A2F1_2BB7_4cd3_AA61_E2FB89D48209";"Subject";"EAPK_58A5214F_E56C_4707_BE2D_AB36DD6976A3";"RSGBPlus";"99 Kern";"2"
"EAID_ACD61AD1_1B3D_46aa_96E7_F438387BE495";"Subsidie en Kostenplaats";"EAPK_F079A58E_FB65_422e_BA86_5E810092E5E5";"Subsidies";"9 Interne Organisatie";"6"
"EAID_F408BDED_51D4_4204_9B95_F0C6C2474DC3";"Subsidies";"EAPK_F079A58E_FB65_422e_BA86_5E810092E5E5";"Subsidies";"9 Interne Organisatie";"15"
"EAID_BAB7CC48_0969_4064_98B6_6C4F51207155";"TENAAMSTELLING";"EAPK_58A5214F_E56C_4707_BE2D_AB36DD6976A3";"RSGBPlus";"99 Kern";"5"
"EAID_224C01A6_60E9_4eed_A869_90E9F9412C4E";"TUNNELDEEL";"EAPK_58A5214F_E56C_4707_BE2D_AB36DD6976A3";"RSGBPlus";"99 Kern";"2"
"EAID_5A24808B_6B68_44ee_A920_9E1DF704CCDA";"Tekenwijze";"EAPK_58A5214F_E56C_4707_BE2D_AB36DD6976A3";"RSGBPlus";"99 Kern";"8"
"EAID_9954AB09_9924_4152_AFE2_55EDC153747C";"Tenaamstelling";"EAPK_58A5214F_E56C_4707_BE2D_AB36DD6976A3";"RSGBPlus";"99 Kern";"2"
"EAID_DE0CB351_FB74_452a_BBDA_DDB46A615D8D";"Testen Panden en Kadastraal onroerende zaak";"EAPK_58A5214F_E56C_4707_BE2D_AB36DD6976A3";"RSGBPlus";"99 Kern";"0"
"EAID_E2134E58_5AC0_48c2_B66E_BBD5CF2D3A8F";"VEGETATIEOBJECT";"EAPK_58A5214F_E56C_4707_BE2D_AB36DD6976A3";"RSGBPlus";"99 Kern";"3"
"EAID_65A28EF7_BB44_49ac_ACFC_5319880C3B97";"VERBLIJFSOBJECT";"EAPK_58A5214F_E56C_4707_BE2D_AB36DD6976A3";"RSGBPlus";"99 Kern";"8"
"EAID_3CAB7DD2_51D3_45b3_9CE1_61E0150F792D";"VESTIGING";"EAPK_58A5214F_E56C_4707_BE2D_AB36DD6976A3";"RSGBPlus";"99 Kern";"8"
"EAID_665EFCE1_87B4_4cdc_BA6A_775332F68C79";"Valutasoorten referenties";"EAPK_58A5214F_E56C_4707_BE2D_AB36DD6976A3";"RSGBPlus";"99 Kern";"1"
"EAID_00D4246F_6ED7_4690_A180_ACCCD6AB1291";"Vastgoed Domeinmodel ";"EAPK_64927CCE_C5AB_447e_BB41_C961BE1EA1BD";"Vastgoed";"9 Interne Organisatie";"19"
"EAID_06E44472_8C2A_40eb_9965_DCF91A1322C9";"Vastgoed Leveranciers";"EAPK_64927CCE_C5AB_447e_BB41_C961BE1EA1BD";"Vastgoed";"9 Interne Organisatie";"8"
"EAID_EFF3FBED_B92D_4172_B142_567C2B6ACF01";"Vastgoed Relaties met Kern ";"EAPK_64927CCE_C5AB_447e_BB41_C961BE1EA1BD";"Vastgoed";"9 Interne Organisatie";"5"
"EAID_0CF01F05_D23F_454a_A0CD_042C2DD9EE7D";"Vastgoed WOZ";"EAPK_64927CCE_C5AB_447e_BB41_C961BE1EA1BD";"Vastgoed";"9 Interne Organisatie";"14"
"EAID_FDB58817_3F2A_4d73_A7DB_7906F9B9EB45";"Vastgoed verankering RSGB IMBAG";"EAPK_64927CCE_C5AB_447e_BB41_C961BE1EA1BD";"Vastgoed";"9 Interne Organisatie";"53"
"EAID_B039478A_DAF7_458f_A7C7_E4744EC08DBF";"Verkamering en Woonoverlast";"EAPK_0A4C6DE8_608E_4626_A40E_0C432A5B0F9C";"1 Veiligheid en Vergunningen";"1 Veiligheid en Vergunningen";"35"
"EAID_72A4FC74_EE1B_4bc1_B5BB_540FCE4D04B1";"Verkeer en Vervoer: Stremmingen";"EAPK_02FD7722_6B39_4e67_A30D_D501E2716B6F";"Mobiliteit";"2 Verkeer, Vervoer en Waterstaat";"7"
"EAID_280799E6_5FC1_4cd0_90E6_F4DB9C7A78A3";"Verkeersbesluiten";"EAPK_02FD7722_6B39_4e67_A30D_D501E2716B6F";"Mobiliteit";"2 Verkeer, Vervoer en Waterstaat";"2"
"EAID_4E7479D8_ACA3_45ed_B349_24A3CC271F29";"Verplichtingen";"EAPK_189DA897_DDC8_4956_B8E3_5E04D3E1AEA3";"Generiek Jeugd en Wmo";"6 Sociaal Domein";"8"
"EAID_E0AAFADA_8922_405f_A8FD_25C1A10CBA72";"Voorvoegsel referenties";"EAPK_58A5214F_E56C_4707_BE2D_AB36DD6976A3";"RSGBPlus";"99 Kern";"2"
"EAID_07334A5A_E2F0_41ce_8510_B41BAF6876BD";"Vroegsignalering";"EAPK_680EBF5D_22CC_4678_BD03_1026113302CD";"Vroegsignalering";"6 Sociaal Domein";"17"
"EAID_6D5829BF_AF12_4464_9EAD_E336DEFDF442";"Vroegsignalering Details";"EAPK_680EBF5D_22CC_4678_BD03_1026113302CD";"Vroegsignalering";"6 Sociaal Domein";"13"
"EAID_AFFABC16_BCDB_44c6_8E2F_C3D8C49884A5";"Vroegsignalering Klein";"EAPK_680EBF5D_22CC_4678_BD03_1026113302CD";"Vroegsignalering";"6 Sociaal Domein";"16"
"EAID_455B32ED_E912_4f10_B9FB_849DBC63AF2B";"WATERDEEL";"EAPK_58A5214F_E56C_4707_BE2D_AB36DD6976A3";"RSGBPlus";"99 Kern";"4"
"EAID_3A41FD49_9827_4ed2_A7B6_7CD41A4A0B9B";"WEGDEEL";"EAPK_58A5214F_E56C_4707_BE2D_AB36DD6976A3";"RSGBPlus";"99 Kern";"6"
"EAID_E2DAF4D1_F7DE_4ccf_8711_840894ADD54A";"WIJK";"EAPK_58A5214F_E56C_4707_BE2D_AB36DD6976A3";"RSGBPlus";"99 Kern";"4"
"EAID_7091DBD3_9C0C_4245_9B81_CC5EC718E989";"WOONPLAATS";"EAPK_58A5214F_E56C_4707_BE2D_AB36DD6976A3";"RSGBPlus";"99 Kern";"5"
"EAID_8312FF96_BCFE_4913_B7AB_27E9F690F89D";"WOZ-DEELOBJECT";"EAPK_58A5214F_E56C_4707_BE2D_AB36DD6976A3";"RSGBPlus";"99 Kern";"6"
"EAID_4785522F_7798_4d8d_A437_48602B8ACA21";"WOZ-OBJECT";"EAPK_58A5214F_E56C_4707_BE2D_AB36DD6976A3";"RSGBPlus";"99 Kern";"10"
"EAID_EB7771AD_FBE8_40e5_9CD7_2C8EED4A6C33";"WOZ-WAARDE";"EAPK_58A5214F_E56C_4707_BE2D_AB36DD6976A3";"RSGBPlus";"99 Kern";"3"
"EAID_5B2022A2_1DAB_476d_BBCD_CD27F56F169F";"Woningbouwprojecten";"EAPK_993A1256_FC98_487a_BAB2_EE71CAC76F98";"Bouwen en Wonen";"8 Volkshuisvesting, Leefomgeving en Stedelijke Vernieuwing";"13"
"EAID_A308855C_FB69_43cf_AA98_12555468AAAE";"ZAKELIJK RECHT";"EAPK_58A5214F_E56C_4707_BE2D_AB36DD6976A3";"RSGBPlus";"99 Kern";"4"
"EAID_962EE6F2_E53F_4156_ACAA_4D3DF5D9E814";"ZAKELIJK RECHT PERSOON";"EAPK_58A5214F_E56C_4707_BE2D_AB36DD6976A3";"RSGBPlus";"99 Kern";"2"
"EAID_AE0CCD75_E232_45fb_82A3_BF38667D26EC";"ZEKERHEIDSRECHT";"EAPK_58A5214F_E56C_4707_BE2D_AB36DD6976A3";"RSGBPlus";"99 Kern";"5"
"EAID_96845001_991F_4bd6_9249_FBE26A26AC4C";"Zorgmelding";"EAPK_62D673ED_9400_4c5a_904C_A4DB16775C5B";"Jeugdbescherming en reclassering";"6 Sociaal Domein";"18"
"EAID_7D74F8FB_7AF2_4fb6_B951_C78139A17FCF";"Zorgmelding Detail";"EAPK_62D673ED_9400_4c5a_904C_A4DB16775C5B";"Jeugdbescherming en reclassering";"6 Sociaal Domein";"4"
"EAID_9A447DCF_183C_4efc_819F_1C5CD48D9F83";"mGBA";"EAPK_58A5214F_E56C_4707_BE2D_AB36DD6976A3";"RSGBPlus";"99 Kern";"5"
